poligono,orden,lat,lon
P1,1,-25.298188,-66.863867
P1,2,-25.298357,-66.834628
P1,3,-25.302728,-66.834657
P1,4,-25.302558,-66.863894
P1,5,-25.298188,-66.863867
P2,1,-25.225979,-66.863379
P2,2,-25.225993,-66.861052
P2,3,-25.298202,-66.861562
P2,4,-25.298188,-66.863867
P2,5,-25.269155,-66.863684
P2,6,-25.225979,-66.863379
P2,7,-25.225993,-66.861052
P2,8,-25.226304,-66.805797
P2,9,-25.228143,-66.805809
P2,10,-25.228157,-66.803332
P2,11,-25.236571,-66.803387
P2,12,-25.236637,-66.791061
P2,13,-25.241448,-66.791417
P2,14,-25.24148,-66.811254
P2,15,-25.262725,-66.811181
P2,16,-25.262748,-66.826541
P2,17,-25.279628,-66.826512
P2,18,-25.279638,-66.832308
P2,19,-25.297884,-66.832278
P2,20,-25.297871,-66.834624
P2,21,-25.298357,-66.834628
P2,22,-25.298202,-66.861562
P2,23,-25.225993,-66.861052
P3,1,-25.24148,-66.811254
P3,2,-25.241448,-66.791417
P3,3,-25.241373,-66.779647
P3,4,-25.254002,-66.779581
P3,5,-25.253991,-66.774293
P3,6,-25.278063,-66.774227
P3,7,-25.318665,-66.774123
P3,8,-25.318685,-66.784046
P3,9,-25.318764,-66.79855
P3,10,-25.31879,-66.815602
P3,11,-25.320544,-66.815614
P3,12,-25.320436,-66.834779
P3,13,-25.297871,-66.834624
P3,14,-25.297884,-66.832278
P3,15,-25.305413,-66.832265
P3,16,-25.305394,-66.818375
P3,17,-25.291729,-66.8184
P3,18,-25.26856,-66.818441
P3,19,-25.268542,-66.811161
P3,20,-25.24148,-66.811254
P4,1,-25.262725,-66.811181
P4,2,-25.268542,-66.811161
P4,3,-25.26856,-66.818441
P4,4,-25.305394,-66.81841
P4,5,-25.305413,-66.832265
P4,6,-25.279638,-66.832308
P4,7,-25.279628,-66.826512
P4,8,-25.262748,-66.826541
P4,9,-25.262725,-66.811181
