jurisdiccion,instrumento,item,requisito,plazo,desde,vence,fuente
Catamarca,DIA de explotación de Catamarca (2026),1,"Cumplir los compromisos del IIA, incluido su Plan de Gestión Ambiental",Permanente,,,"DIA de Catamarca, art. 2 (extracto publicado en el Boletín Oficial)"
Catamarca,DIA de explotación de Catamarca (2026),2,Presentar los certificados de generador de residuos peligrosos y patógenos y la autorización de vuelco de efluentes cloacales,15 días,2026-06-23,2026-07-08,"DIA de Catamarca, art. 2 (extracto publicado en el Boletín Oficial)"
Catamarca,DIA de explotación de Catamarca (2026),5.1–5.2,"Auditor ambiental externo con informe mensual: grado de cumplimiento de cada obligación con evidencias, registro fotográfico fechado y georreferenciado y cartografía en KML y Shapefile",Mensual,,,"DIA de Catamarca, art. 2 (extracto publicado en el Boletín Oficial)"
Catamarca,DIA de explotación de Catamarca (2026),6,"Programas de control ambiental participativos para toda la vida de la mina, que permitan «visualizar con claridad la evolución histórica de las variables»",Antes de iniciar las actividades,,,"DIA de Catamarca, art. 2 (extracto publicado en el Boletín Oficial)"
Catamarca,DIA de explotación de Catamarca (2026),7,"Actividades con veedores del área de influencia directa, con evidencias en las auditorías mensuales",Permanente,,,"DIA de Catamarca, art. 2 (extracto publicado en el Boletín Oficial)"
Catamarca,DIA de explotación de Catamarca (2026),9.1–9.2,"Informar al Centro de Control Minero Ambiental y desarrollar con él un programa de fiscalización participativo comunitario de aire, agua y biodiversidad",Al inicio y continuo,,,"DIA de Catamarca, art. 2 (extracto publicado en el Boletín Oficial)"
Catamarca,DIA de explotación de Catamarca (2026),10.5–10.6,Indicadores de responsabilidad social ligados a los ODS y estrategia de divulgación mensual a la comunidad,Mensual,,,"DIA de Catamarca, art. 2 (extracto publicado en el Boletín Oficial)"
Catamarca,DIA de explotación de Catamarca (2026),15.1–15.2,Supervisión arqueológica permanente de los movimientos de suelo y comunicación de cada hallazgo,Permanente,,,"DIA de Catamarca, art. 2 (extracto publicado en el Boletín Oficial)"
Catamarca,DIA de explotación de Catamarca (2026),16.2,"Extraer o usar agua solo con los permisos de la autoridad hídrica, presentados antes de usarla",Antes de usar el agua,,,"DIA de Catamarca, art. 2 (extracto publicado en el Boletín Oficial)"
Catamarca,DIA de explotación de Catamarca (2026),16.4,Propuesta de dispositivos y tecnología de control para el monitoreo en tiempo real de la producción y de los controles ambientales y sociales (RESOL-2023-958-E-CAT-MM),Implementación inmediata,,,"DIA de Catamarca, art. 2 (extracto publicado en el Boletín Oficial)"
Catamarca,DIA de explotación de Catamarca (2026),16.5,Monitoreo continuo con indicadores ecológicos claros y herramientas de detección de cambios y tendencias,Continuo,,,"DIA de Catamarca, art. 2 (extracto publicado en el Boletín Oficial)"
Catamarca,DIA de explotación de Catamarca (2026),16.6,Programa de control del recurso hídrico; la autoridad hídrica pide una red de monitoreo quincenal,Quincenal,,,"DIA de Catamarca, art. 2 (extracto publicado en el Boletín Oficial)"
Catamarca,DIA de explotación de Catamarca (2026),16.9,"Línea de base de huella de carbono, gases de efecto invernadero y huella hídrica",90 días,2026-06-23,2026-09-21,"DIA de Catamarca, art. 2 (extracto publicado en el Boletín Oficial)"
Catamarca,DIA de explotación de Catamarca (2026),16.10,Balance hídrico integral del proyecto y su ambiente,90 días,2026-06-23,2026-09-21,"DIA de Catamarca, art. 2 (extracto publicado en el Boletín Oficial)"
Catamarca,DIA de explotación de Catamarca (2026),16.11,Punto de monitoreo de calidad de aire de alto volumen en Ciénaga La Redonda,Sin plazo explícito,,,"DIA de Catamarca, art. 2 (extracto publicado en el Boletín Oficial)"
Catamarca,DIA de explotación de Catamarca (2026),16.12,"Determinar la magnitud y extensión de los impactos efectivamente generados, para validar las medidas y el cierre",180 días,2026-06-23,2026-12-20,"DIA de Catamarca, art. 2 (extracto publicado en el Boletín Oficial)"
Catamarca,DIA de explotación de Catamarca (2026),20.2,"Denunciar los impactos significativos no previstos en un máximo de 72 horas, con las medidas correctivas","72 horas, por evento",,,"DIA de Catamarca, art. 2 (extracto publicado en el Boletín Oficial)"
Catamarca,DIA de explotación de Catamarca (2026),Art. 6,Vigencia de la DIA: 24 meses desde su emisión,24 meses,2026-06-23,2028-06-23,"DIA de Catamarca, art. 2 (extracto publicado en el Boletín Oficial)"
Salta,DIA de explotación de Salta (2026),—,Condiciones de la resolución: el texto no estaba disponible al armar el prototipo y se incorporan en la implementación,—,,,—
